pays,id,date,idh,pop
Afghanistan,AFG,2005,0.408,87300
Afghanistan,AFG,2010,0.463,102246
Afghanistan,AFG,2019,0.498,149762
Afghanistan,AFG,2015,0.493,489749
Albania,ALB,2019,0.785,49160
Albania,ALB,2015,0.776,52031
Albania,ALB,2010,0.741,52784
Albania,ALB,2005,0.704,64739
Albania,ALB,1990,0.645,66013
Albania,ALB,1995,0.632,71354
Albania,ALB,2000,0.669,76695
Algeria,DZA,2005,0.692,197422
Algeria,DZA,2010,0.729,216964
Algeria,DZA,2015,0.749,239473
Algeria,DZA,2019,0.754,249075
Algeria,DZA,2000,0.644,250110
Algeria,DZA,1995,0.6,262032
Algeria,DZA,1990,0.577,273954
Andorra,AND,2000,0.759,42147
Andorra,AND,2015,0.854,42264
Andorra,AND,2019,0.858,45102
Andorra,AND,2005,0.819,50298
Andorra,AND,2010,0.828,52053
Angola,AGO,2000,0.387,46108
Angola,AGO,2005,0.455,61329
Angola,AGO,2010,0.52,332126
Angola,AGO,2015,0.572,632178
Angola,AGO,2019,0.581,669479
Antigua and Barbuda,ATG,2005,0.766,24741
Antigua and Barbuda,ATG,2010,0.766,26412
Antigua and Barbuda,ATG,2015,0.775,28083
Antigua and Barbuda,ATG,2019,0.78,29207
Argentina,ARG,2000,0.771,1540219
Argentina,ARG,1995,0.731,1595069
Argentina,ARG,1990,0.704,1649919
Argentina,ARG,2005,0.782,1673088
Argentina,ARG,2010,0.813,1805957
Argentina,ARG,2015,0.822,2086302
Argentina,ARG,2019,0.825,2212879
Armenia,ARM,2019,0.755,190159
Armenia,ARM,2015,0.748,191199
Armenia,ARM,2010,0.728,211147
Armenia,ARM,2005,0.693,469119
Armenia,ARM,2000,0.647,657900
Armenia,ARM,1990,0.631,658789
Armenia,ARM,1995,0.605,693999
Australia,AUS,1990,0.866,3955213
Australia,AUS,1995,0.883,4153330
Australia,AUS,2000,0.898,4386250
Australia,AUS,2005,0.908,4878030
Australia,AUS,2010,0.923,5882980
Australia,AUS,2015,0.936,6729730
Australia,AUS,2019,0.939,7549270
Austria,AUT,1990,0.795,793239
Austria,AUT,1995,0.817,894893
Austria,AUT,2000,0.838,996547
Austria,AUT,2005,0.855,1136270
Austria,AUT,2010,0.895,1275992
Austria,AUT,2015,0.903,1492374
Austria,AUT,2019,0.908,1779857
Azerbaijan,AZE,2019,0.757,253887
Azerbaijan,AZE,2015,0.758,264241
Azerbaijan,AZE,2010,0.74,276901
Azerbaijan,AZE,2005,0.679,302220
Azerbaijan,AZE,2000,0.64,327540
Azerbaijan,AZE,1995,0.612,344070
Bahamas,BHS,2000,0.776,36454
Bahamas,BHS,2005,0.786,45595
Bahamas,BHS,2010,0.789,54736
Bahamas,BHS,2015,0.807,59306
Bahamas,BHS,2019,0.807,62962
Bahrain,BHR,1990,0.746,173212
Bahrain,BHR,1995,0.775,205979
Bahrain,BHR,2000,0.792,239361
Bahrain,BHR,2005,0.791,404018
Bahrain,BHR,2010,0.796,657856
Bahrain,BHR,2015,0.832,704137
Bahrain,BHR,2019,0.846,741161
Bangladesh,BGD,1990,0.387,881617
Bangladesh,BGD,1995,0.425,934735
Bangladesh,BGD,2000,0.468,987853
Bangladesh,BGD,2005,0.505,1166700
Bangladesh,BGD,2010,0.545,1345546
Bangladesh,BGD,2015,0.592,1422805
Bangladesh,BGD,2019,0.608,2185613
Barbados,BRB,1990,0.716,24024
Barbados,BRB,1995,0.731,26224
Barbados,BRB,2000,0.752,28424
Barbados,BRB,2005,0.767,30624
Barbados,BRB,2010,0.782,32825
Barbados,BRB,2015,0.797,34475
Barbados,BRB,2019,0.8,34807
Belarus,BLR,2019,0.808,1069395
Belarus,BLR,2015,0.805,1082905
Belarus,BLR,2010,0.792,1090378
Belarus,BLR,2005,0.725,1106982
Belarus,BLR,2000,0.683,1123586
Belarus,BLR,1995,0.657,1186282
Belgium,BEL,2005,0.889,1248733
Belgium,BEL,2000,0.873,1268368
Belgium,BEL,1990,0.806,1280583
Belgium,BEL,1995,0.852,1288003
Belgium,BEL,2010,0.903,1503806
Belgium,BEL,2015,0.913,1783488
Belgium,BEL,2019,0.916,1981919
Belize,BLZ,1990,0.644,30404
Belize,BLZ,1995,0.662,33446
Belize,BLZ,2000,0.677,36488
Belize,BLZ,2005,0.693,41424
Belize,BLZ,2010,0.699,46360
Belize,BLZ,2015,0.709,54674
Belize,BLZ,2019,0.708,59998
Benin,BEN,1990,0.348,76751
Benin,BEN,1995,0.373,105703
Benin,BEN,2000,0.398,134655
Benin,BEN,2005,0.44,221889
Benin,BEN,2010,0.473,309124
Benin,BEN,2015,0.508,366284
Benin,BEN,2019,0.515,390112
Bhutan,BTN,2005,0.51,40279
Bhutan,BTN,2010,0.566,48420
Bhutan,BTN,2015,0.603,51106
Bhutan,BTN,2019,0.612,53254
Bolivia,BOL,1990,0.536,73758
Bolivia,BOL,1995,0.571,83598
Bolivia,BOL,2000,0.608,92658
Bolivia,BOL,2005,0.624,107745
Bolivia,BOL,2010,0.649,122846
Bolivia,BOL,2015,0.681,142989
Bolivia,BOL,2019,0.693,156114
Bosnia and Herzegovina,BIH,2019,0.768,35735
Bosnia and Herzegovina,BIH,2015,0.755,38574
Bosnia and Herzegovina,BIH,2010,0.713,38792
Bosnia and Herzegovina,BIH,2005,0.7,47272
Bosnia and Herzegovina,BIH,2000,0.672,82952
Botswana,BWA,1990,0.581,27510
Botswana,BWA,1995,0.577,40168
Botswana,BWA,2000,0.565,74934
Botswana,BWA,2005,0.596,84614
Botswana,BWA,2010,0.66,94614
Botswana,BWA,2015,0.706,103268
Botswana,BWA,2019,0.717,110596
Brazil,BRA,2010,0.727,592568
Brazil,BRA,2005,0.7,638582
Brazil,BRA,2000,0.684,684596
Brazil,BRA,2015,0.757,716568
Brazil,BRA,1995,0.648,741557
Brazil,BRA,1990,0.611,798517
Brazil,BRA,2019,0.759,807006
Brunei,BRN,1990,0.782,73200
Brunei,BRN,1995,0.805,84748
Brunei,BRN,2000,0.819,96296
Brunei,BRN,2005,0.838,98441
Brunei,BRN,2010,0.842,100587
Brunei,BRN,2015,0.852,102733
Brunei,BRN,2019,0.853,110641
Bulgaria,BGR,1990,0.694,21510
Bulgaria,BGR,1995,0.696,32435
Bulgaria,BGR,2000,0.712,43360
Bulgaria,BGR,2005,0.75,61074
Bulgaria,BGR,2010,0.779,76287
Bulgaria,BGR,2015,0.807,123803
Bulgaria,BGR,2019,0.813,168516
Burkina Faso,BFA,2000,0.286,520363
Burkina Faso,BFA,2005,0.324,597658
Burkina Faso,BFA,2010,0.375,674438
Burkina Faso,BFA,2015,0.412,704676
Burkina Faso,BFA,2019,0.423,718338
Burundi,BDI,2000,0.303,125628
Burundi,BDI,2005,0.33,172874
Burundi,BDI,2010,0.395,235259
Burundi,BDI,1995,0.296,254853
Burundi,BDI,2015,0.418,289810
Burundi,BDI,2019,0.417,321018
Burundi,BDI,1990,0.297,333110
Cambodia,KHM,1990,0.364,38375
Cambodia,KHM,2015,0.571,73963
Cambodia,KHM,2019,0.582,78649
Cambodia,KHM,2010,0.537,81977
Cambodia,KHM,1995,0.387,92230
Cambodia,KHM,2005,0.49,114031
Cambodia,KHM,2000,0.42,146085
Cameroon,CMR,2000,0.431,227242
Cameroon,CMR,1995,0.422,244791
Cameroon,CMR,2005,0.466,265503
Cameroon,CMR,1990,0.44,265967
Cameroon,CMR,2010,0.506,291474
Cameroon,CMR,2019,0.556,505692
Cameroon,CMR,2015,0.548,508346
Canada,CAN,1990,0.849,4333318
Canada,CAN,1995,0.861,4864778
Canada,CAN,2000,0.867,5511914
Canada,CAN,2005,0.892,6078985
Canada,CAN,2010,0.902,6761226
Canada,CAN,2015,0.92,7428657
Canada,CAN,2019,0.926,7960657
Cape Verde,CPV,2000,0.57,11027
Cape Verde,CPV,2005,0.598,12700
Cape Verde,CPV,2010,0.629,14373
Cape Verde,CPV,2015,0.647,14924
Cape Verde,CPV,2019,0.654,15664
Central African Republic,CAF,1990,0.317,67234
Central African Republic,CAF,2015,0.357,81598
Central African Republic,CAF,2019,0.367,90649
Central African Republic,CAF,2010,0.351,93466
Central African Republic,CAF,2005,0.319,94449
Central African Republic,CAF,1995,0.303,99712
Central African Republic,CAF,2000,0.309,123529
Chad,TCD,2000,0.299,104825
Chad,TCD,2005,0.33,352062
Chad,TCD,2010,0.371,416924
Chad,TCD,2015,0.407,466968
Chad,TCD,2019,0.404,512230
Chile,CHL,1990,0.701,107501
Chile,CHL,1995,0.727,142417
Chile,CHL,2000,0.759,177332
Chile,CHL,2005,0.788,276360
Chile,CHL,2010,0.808,375388
Chile,CHL,2015,0.84,639724
Chile,CHL,2019,0.843,939992
China,CHN,1990,0.502,205047
China,CHN,1995,0.55,224929
China,CHN,2000,0.594,240791
China,CHN,2005,0.647,279308
China,CHN,2010,0.706,318506
China,CHN,2015,0.743,376066
China,CHN,2019,0.752,399572
Colombia,COL,1990,0.592,104277
Colombia,COL,1995,0.625,106943
Colombia,COL,2005,0.683,107612
Colombia,COL,2000,0.653,109609
Colombia,COL,2010,0.719,124271
Colombia,COL,2015,0.742,139134
Colombia,COL,2019,0.747,1142319
Comoros,COM,2019,0.503,12504
Comoros,COM,2015,0.502,12555
Comoros,COM,2010,0.482,12618
Comoros,COM,2005,0.455,13209
Congo,COG,1990,0.536,129391
Congo,COG,1995,0.507,191635
Congo,COG,2000,0.49,305880
Congo,COG,2005,0.5,318724
Congo,COG,2015,0.613,390142
Congo,COG,2019,0.606,402142
Congo,COG,2010,0.557,425173
Costa Rica,CRI,2000,0.711,310946
Costa Rica,CRI,2005,0.728,358175
Costa Rica,CRI,1995,0.687,364287
Costa Rica,CRI,2010,0.754,405404
Costa Rica,CRI,2015,0.788,411697
Costa Rica,CRI,1990,0.656,417628
Costa Rica,CRI,2019,0.794,417768
Cote d'Ivoire,CIV,1990,0.388,1816426
Cote d'Ivoire,CIV,1995,0.387,2076394
Cote d'Ivoire,CIV,2000,0.394,2163644
Cote d'Ivoire,CIV,2005,0.413,2265090
Cote d'Ivoire,CIV,2010,0.442,2366537
Cote d'Ivoire,CIV,2015,0.478,2467984
Cote d'Ivoire,CIV,2019,0.492,2549141
Croatia,HRV,1990,0.67,475438
Croatia,HRV,2019,0.831,518083
Croatia,HRV,2015,0.827,561093
Croatia,HRV,2010,0.808,573248
Croatia,HRV,2005,0.783,579273
Croatia,HRV,2000,0.75,585298
Croatia,HRV,1995,0.696,674085
Cuba,CUB,2019,0.777,4886
Cuba,CUB,2015,0.772,5312
Cuba,CUB,2010,0.779,6640
Cuba,CUB,2005,0.731,11935
Cuba,CUB,2000,0.686,17818
Cuba,CUB,1995,0.654,26187
Cuba,CUB,1990,0.676,34555
Cyprus,CYP,1990,0.732,43805
Cyprus,CYP,1995,0.786,61941
Cyprus,CYP,2000,0.802,80076
Cyprus,CYP,2005,0.831,117165
Cyprus,CYP,2010,0.85,191866
Cyprus,CYP,2019,0.869,191922
Cyprus,CYP,2015,0.86,192020
Czech Republic,CZE,1990,0.73,110394
Czech Republic,CZE,1995,0.753,165592
Czech Republic,CZE,2000,0.796,220789
Czech Republic,CZE,2005,0.835,322540
Czech Republic,CZE,2010,0.862,398493
Czech Republic,CZE,2015,0.882,416454
Czech Republic,CZE,2019,0.888,512705
Democratic Republic of Congo,COD,2010,0.407,588950
Democratic Republic of Congo,COD,2005,0.364,622869
Democratic Republic of Congo,COD,2000,0.333,744387
Democratic Republic of Congo,COD,1990,0.356,754194
Democratic Republic of Congo,COD,2015,0.444,824492
Democratic Republic of Congo,COD,2019,0.457,963833
Democratic Republic of Congo,COD,1995,0.333,1816963
Denmark,DNK,1990,0.799,235189
Denmark,DNK,1995,0.831,303108
Denmark,DNK,2000,0.863,371026
Denmark,DNK,2005,0.903,440383
Denmark,DNK,2010,0.91,500772
Denmark,DNK,2015,0.926,595876
Denmark,DNK,2019,0.929,722878
Djibouti,DJI,2005,0.405,92091
Djibouti,DJI,1995,0.355,99774
Djibouti,DJI,2000,0.363,100507
Djibouti,DJI,2010,0.449,101575
Djibouti,DJI,2015,0.47,112351
Djibouti,DJI,2019,0.476,115341
Dominica,DMA,2000,0.693,3723
Dominica,DMA,2005,0.705,4744
Dominica,DMA,2015,0.721,8093
Dominica,DMA,2010,0.722,8110
Dominica,DMA,2019,0.715,8264
Dominican Republic,DOM,1990,0.598,291151
Dominican Republic,DOM,1995,0.629,323381
Dominican Republic,DOM,2000,0.657,355611
Dominican Republic,DOM,2005,0.675,376001
Dominican Republic,DOM,2010,0.703,393720
Dominican Republic,DOM,2015,0.729,549289
Dominican Republic,DOM,2019,0.736,567648
Ecuador,ECU,1990,0.643,78663
Ecuador,ECU,1995,0.662,115093
Ecuador,ECU,2000,0.67,151523
Ecuador,ECU,2005,0.693,187404
Ecuador,ECU,2010,0.715,325366
Ecuador,ECU,2019,0.752,381507
Ecuador,ECU,2015,0.743,387513
Egypt,EGY,1995,0.576,166955
Egypt,EGY,1990,0.546,173833
Egypt,EGY,2000,0.611,184774
Egypt,EGY,2005,0.634,285006
Egypt,EGY,2010,0.665,310017
Egypt,EGY,2015,0.691,353641
Egypt,EGY,2019,0.696,504053
El Salvador,SLV,2000,0.615,31713
El Salvador,SLV,2005,0.651,36019
El Salvador,SLV,1995,0.577,39537
El Salvador,SLV,2010,0.671,40324
El Salvador,SLV,2015,0.674,42045
El Salvador,SLV,2019,0.674,42617
El Salvador,SLV,1990,0.529,47360
Equatorial Guinea,GNQ,2000,0.516,4517
Equatorial Guinea,GNQ,2005,0.567,6588
Equatorial Guinea,GNQ,2010,0.581,8658
Equatorial Guinea,GNQ,2015,0.593,209611
Equatorial Guinea,GNQ,2019,0.591,227617
Eritrea,ERI,2005,0.408,14314
Eritrea,ERI,2010,0.416,15676
Eritrea,ERI,2015,0.433,15941
Eritrea,ERI,2019,0.44,16101
Estonia,EST,2019,0.871,190242
Estonia,EST,2015,0.866,194664
Estonia,EST,2010,0.845,217890
Estonia,EST,2005,0.825,233701
Estonia,EST,2000,0.78,249512
Estonia,EST,1995,0.727,315755
Estonia,EST,1990,0.733,381997
Ethiopia,ETH,2005,0.346,514242
Ethiopia,ETH,2010,0.412,568748
Ethiopia,ETH,2000,0.283,611384
Ethiopia,ETH,2015,0.451,1161642
Ethiopia,ETH,2019,0.463,1253083
Fiji,FJI,2005,0.695,12435
Fiji,FJI,2000,0.683,12719
Fiji,FJI,1995,0.673,13001
Fiji,FJI,1990,0.643,13283
Fiji,FJI,2010,0.711,13351
Fiji,FJI,2015,0.738,13751
Fiji,FJI,2019,0.741,14038
Finland,FIN,1990,0.784,63255
Finland,FIN,1995,0.816,99729
Finland,FIN,2000,0.858,136203
Finland,FIN,2005,0.895,192169
Finland,FIN,2010,0.903,228481
Finland,FIN,2015,0.915,314856
Finland,FIN,2019,0.92,383116
France,FRA,1990,0.779,5897267
France,FRA,1995,0.825,6087993
France,FRA,2000,0.849,6278718
France,FRA,2005,0.869,6737600
France,FRA,2010,0.882,7309986
France,FRA,2015,0.898,7874172
France,FRA,2019,0.901,8334875
Gabon,GAB,1990,0.62,128188
Gabon,GAB,1995,0.632,171427
Gabon,GAB,2000,0.633,214431
Gabon,GAB,2005,0.647,233824
Gabon,GAB,2010,0.665,270829
Gabon,GAB,2015,0.694,378686
Gabon,GAB,2019,0.702,411463
Gambia,GMB,1990,0.333,118123
Gambia,GMB,1995,0.353,150890
Gambia,GMB,2005,0.416,181905
Gambia,GMB,2000,0.385,182514
Gambia,GMB,2010,0.441,185763
Gambia,GMB,2015,0.457,192540
Gambia,GMB,2019,0.46,215406
Georgia,GEO,2005,0.712,72311
Georgia,GEO,2010,0.735,73034
Georgia,GEO,2000,0.673,76117
Georgia,GEO,2015,0.771,76685
Georgia,GEO,2019,0.78,79035
Germany,DEU,1990,0.801,5936181
Germany,DEU,1995,0.834,7464406
Germany,DEU,2000,0.868,8992631
Germany,DEU,2005,0.903,9402447
Germany,DEU,2010,0.921,9812263
Germany,DEU,2015,0.933,10220418
Germany,DEU,2019,0.936,13132146
Ghana,GHA,1990,0.455,164851
Ghana,GHA,2000,0.484,191601
Ghana,GHA,1995,0.473,252879
Ghana,GHA,2005,0.509,304436
Ghana,GHA,2010,0.554,337017
Ghana,GHA,2015,0.585,414744
Ghana,GHA,2019,0.592,466780
Greece,GRC,1990,0.753,618139
Greece,GRC,1995,0.768,857850
Greece,GRC,2000,0.796,1111665
Greece,GRC,2005,0.845,1190707
Greece,GRC,2019,0.87,1211382
Greece,GRC,2015,0.866,1242924
Greece,GRC,2010,0.856,1321149
Grenada,GRD,2005,0.727,6902
Grenada,GRD,2010,0.743,6980
Grenada,GRD,2015,0.767,7057
Grenada,GRD,2019,0.772,7124
Guatemala,GTM,2000,0.546,48119
Guatemala,GTM,2005,0.571,57252
Guatemala,GTM,2010,0.611,66384
Guatemala,GTM,2015,0.645,78352
Guatemala,GTM,2019,0.65,80421
Guatemala,GTM,1995,0.507,156188
Guatemala,GTM,1990,0.478,264257
Guinea,GIN,2019,0.459,120642
Guinea,GIN,2015,0.443,126386
Guinea,GIN,2010,0.404,177998
Guinea,GIN,2005,0.371,229611
Guinea,GIN,1990,0.276,403621
Guinea,GIN,2000,0.329,560075
Guinea,GIN,1995,0.295,774505
Guinea-Bissau,GNB,2005,0.396,20736
Guinea-Bissau,GNB,2010,0.426,21061
Guinea-Bissau,GNB,2015,0.449,22333
Guinea-Bissau,GNB,2019,0.455,26916
Guyana,GUY,1990,0.538,4095
Guyana,GUY,1995,0.578,6352
Guyana,GUY,2000,0.604,8610
Guyana,GUY,2005,0.614,10868
Guyana,GUY,2010,0.63,13126
Guyana,GUY,2015,0.651,15384
Guyana,GUY,2019,0.654,15699
Haiti,HTI,2005,0.453,16360
Haiti,HTI,2010,0.47,17178
Haiti,HTI,2000,0.442,17222
Haiti,HTI,2015,0.493,18036
Haiti,HTI,1995,0.418,18129
Haiti,HTI,2019,0.498,18756
Haiti,HTI,1990,0.409,19084
Honduras,HND,2010,0.596,27288
Honduras,HND,2005,0.58,27875
Honduras,HND,2000,0.554,28461
Honduras,HND,2015,0.609,38317
Honduras,HND,2019,0.617,38933
Honduras,HND,1995,0.529,149442
Honduras,HND,1990,0.506,270423
Hong Kong,HKG,1990,0.781,2 218 473
Hong Kong,HKG,1995,0.808,2 443 798
Hong Kong,HKG,2000,0.827,2 669 122
Hong Kong,HKG,2005,0.871,2 721 235
Hong Kong,HKG,2010,0.901,2 779 950
Hong Kong,HKG,2015,0.927,2 838 665
Hong Kong,HKG,2019,0.933,2 942 254
Hungary,HUN,2000,0.769,296957
Hungary,HUN,1995,0.741,322234
Hungary,HUN,1990,0.704,347510
Hungary,HUN,2005,0.804,366787
Hungary,HUN,2010,0.823,436616
Hungary,HUN,2015,0.834,475508
Hungary,HUN,2019,0.838,512043
Iceland,ISL,1990,0.802,9584
Iceland,ISL,1995,0.826,12738
Iceland,ISL,2000,0.86,15892
Iceland,ISL,2005,0.889,25492
Iceland,ISL,2010,0.891,35091
Iceland,ISL,2015,0.927,39072
Iceland,ISL,2019,0.935,52404
India,IND,2019,0.64,5154737
India,IND,2015,0.627,5240960
India,IND,2010,0.581,5439758
India,IND,2005,0.535,5923945
India,IND,2000,0.493,6411331
India,IND,1995,0.46,6952238
India,IND,1990,0.427,7594801
Indonesia,IDN,2005,0.632,289568
Indonesia,IDN,2000,0.606,292307
Indonesia,IDN,2010,0.661,305416
Indonesia,IDN,2015,0.686,338124
Indonesia,IDN,2019,0.694,353135
Indonesia,IDN,1995,0.564,378960
Indonesia,IDN,1990,0.528,465612
Iran,IRN,2005,0.695,2568930
Iran,IRN,2019,0.798,2682214
Iran,IRN,2015,0.789,2726420
Iran,IRN,2010,0.755,2761561
Iran,IRN,2000,0.67,2803805
Iran,IRN,1995,0.64,2937668
Iran,IRN,1990,0.577,4291601
Iraq,IRQ,1990,0.572,83638
Iraq,IRQ,2010,0.649,117389
Iraq,IRQ,2005,0.631,132915
Iraq,IRQ,1995,0.553,199460
Iraq,IRQ,2000,0.607,210525
Iraq,IRQ,2015,0.668,359381
Iraq,IRQ,2019,0.685,368062
Ireland,IRL,1995,0.795,226892
Ireland,IRL,1990,0.763,227961
Ireland,IRL,2000,0.857,350552
Ireland,IRL,2005,0.896,589046
Ireland,IRL,2010,0.909,730542
Ireland,IRL,2015,0.929,759256
Ireland,IRL,2019,0.938,833564
Israel,ISR,1990,0.792,1632704
Israel,ISR,1995,0.823,1792185
Israel,ISR,2000,0.853,1851309
Israel,ISR,2005,0.872,1889503
Israel,ISR,2010,0.887,1950615
Israel,ISR,2019,0.903,1956346
Israel,ISR,2015,0.901,2011727
Italy,ITA,1990,0.769,1428219
Italy,ITA,1995,0.8,1774954
Italy,ITA,2000,0.83,2121688
Italy,ITA,2005,0.857,3954790
Italy,ITA,2010,0.87,5787893
Italy,ITA,2015,0.876,5805328
Italy,ITA,2019,0.88,6273722
Jamaica,JAM,1990,0.638,20475
Jamaica,JAM,1995,0.657,22713
Jamaica,JAM,2015,0.73,23167
Jamaica,JAM,2019,0.732,23468
Jamaica,JAM,2010,0.712,23677
Jamaica,JAM,2005,0.695,24314
Jamaica,JAM,2000,0.662,24952
Japan,JPN,1990,0.816,1075317
Japan,JPN,1995,0.84,1362371
Japan,JPN,2000,0.855,1686444
Japan,JPN,2005,0.873,2011555
Japan,JPN,2010,0.885,2134151
Japan,JPN,2015,0.905,2232189
Japan,JPN,2019,0.909,2498891
Jordan,JOR,1990,0.617,1146349
Jordan,JOR,1995,0.684,1537097
Jordan,JOR,2000,0.702,1927845
Jordan,JOR,2005,0.729,2325414
Jordan,JOR,2010,0.728,2722983
Jordan,JOR,2015,0.733,3112026
Jordan,JOR,2019,0.735,3346703
Kazakhstan,KAZ,2000,0.685,2874194
Kazakhstan,KAZ,2005,0.747,3103027
Kazakhstan,KAZ,1995,0.664,3251968
Kazakhstan,KAZ,2010,0.765,3334937
Kazakhstan,KAZ,2015,0.797,3546060
Kazakhstan,KAZ,1990,0.69,3619200
Kazakhstan,KAZ,2019,0.8,3705556
Kenya,KEN,1990,0.468,298089
Kenya,KEN,1995,0.456,618745
Kenya,KEN,2000,0.451,707852
Kenya,KEN,2005,0.49,773354
Kenya,KEN,2010,0.543,954925
Kenya,KEN,2019,0.59,1044854
Kenya,KEN,2015,0.578,1126886
Kiribati,KIR,2000,0.552,2283
Kiribati,KIR,2005,0.585,2487
Kiribati,KIR,2010,0.59,2868
Kiribati,KIR,2015,0.621,2919
Kiribati,KIR,2019,0.612,3022
Korea,,1990,0.728,34103
Korea,,1995,0.778,35143
Korea,,2000,0.817,36183
Korea,,2005,0.855,40097
Korea,,2010,0.884,44010
Korea,,2015,0.898,48458
Korea,,2019,0.903,49393
Kuwait,KWT,1995,0.747,921954
Kuwait,KWT,1990,0.713,1074391
Kuwait,KWT,2000,0.786,1127640
Kuwait,KWT,2005,0.783,1333327
Kuwait,KWT,2010,0.792,1871537
Kuwait,KWT,2015,0.802,2866136
Kuwait,KWT,2019,0.803,3034845
Kyrgyzstan,KGZ,2019,0.672,200260
Kyrgyzstan,KGZ,2015,0.666,204382
Kyrgyzstan,KGZ,2010,0.636,232065
Kyrgyzstan,KGZ,2005,0.616,309399
Kyrgyzstan,KGZ,2000,0.594,389824
Kyrgyzstan,KGZ,1995,0.563,518338
Kyrgyzstan,KGZ,1990,0.618,623083
Laos,LAO,2005,0.506,20371
Laos,LAO,2000,0.466,21948
Laos,LAO,1990,0.4,22866
Laos,LAO,1995,0.428,23526
Laos,LAO,2010,0.546,32955
Laos,LAO,2015,0.593,45538
Laos,LAO,2019,0.601,48275
Latvia,LVA,2019,0.847,237266
Latvia,LVA,2015,0.841,265418
Latvia,LVA,2010,0.816,313786
Latvia,LVA,2005,0.802,376725
Latvia,LVA,2000,0.728,430178
Latvia,LVA,1995,0.673,538093
Latvia,LVA,1990,0.704,646007
Lebanon,LBN,2005,0.732,756784
Lebanon,LBN,2010,0.758,820655
Lebanon,LBN,2019,0.757,1863873
Lebanon,LBN,2015,0.752,1973204
Lesotho,LSO,2000,0.467,6167
Lesotho,LSO,2005,0.461,6290
Lesotho,LSO,2010,0.493,6414
Lesotho,LSO,2015,0.511,6572
Lesotho,LSO,2019,0.52,6928
Lesotho,LSO,1995,0.492,7204
Lesotho,LSO,1990,0.499,8240
Liberia,LBR,2005,0.378,87188
Liberia,LBR,2019,0.435,94448
Liberia,LBR,2010,0.407,99129
Liberia,LBR,2015,0.432,113779
Liberia,LBR,2000,0.387,151868
Libya,LBY,1990,0.677,457075
Libya,LBY,1995,0.704,508041
Libya,LBY,2000,0.727,567436
Libya,LBY,2005,0.747,625212
Libya,LBY,2010,0.755,683998
Libya,LBY,2015,0.694,771146
Libya,LBY,2019,0.706,818216
Liechtenstein,LIE,2000,0.862,15483
Liechtenstein,LIE,2005,0.886,18898
Liechtenstein,LIE,2010,0.904,22342
Liechtenstein,LIE,2015,0.912,23799
Liechtenstein,LIE,2019,0.916,25467
Lithuania,LTU,2019,0.858,117218
Lithuania,LTU,2015,0.852,136021
Lithuania,LTU,2010,0.824,160772
Lithuania,LTU,2005,0.809,201209
Lithuania,LTU,2000,0.756,214311
Lithuania,LTU,1995,0.703,273587
Lithuania,LTU,1990,0.732,349258
Luxembourg,LUX,1990,0.782,113795
Luxembourg,LUX,1995,0.808,126106
Luxembourg,LUX,2000,0.855,139750
Luxembourg,LUX,2005,0.878,150618
Luxembourg,LUX,2010,0.889,163142
Luxembourg,LUX,2015,0.899,248888
Luxembourg,LUX,2019,0.904,291723
Macedonia,MKD,2000,0.669,125665
Macedonia,MKD,2005,0.702,127667
Macedonia,MKD,2010,0.735,129701
Macedonia,MKD,2015,0.754,130730
Macedonia,MKD,2019,0.757,131175
Madagascar,MDG,2000,0.456,23541
Madagascar,MDG,2005,0.479,26058
Madagascar,MDG,2010,0.504,28905
Madagascar,MDG,2015,0.514,32075
Madagascar,MDG,2019,0.519,34934
Malawi,MWI,2010,0.441,217722
Malawi,MWI,2005,0.38,221661
Malawi,MWI,2000,0.399,232620
Malawi,MWI,2015,0.47,232803
Malawi,MWI,1995,0.398,241624
Malawi,MWI,2019,0.477,247652
Malawi,MWI,1990,0.34,1127724
Malaysia,MYS,1990,0.643,695920
Malaysia,MYS,1995,0.683,937368
Malaysia,MYS,2000,0.725,1463598
Malaysia,MYS,2005,0.731,1918504
Malaysia,MYS,2010,0.772,2417395
Malaysia,MYS,2015,0.795,3280681
Malaysia,MYS,2019,0.802,3430380
Maldives,MDV,1995,0.539,18510
Maldives,MDV,2000,0.606,27092
Maldives,MDV,2005,0.631,45045
Maldives,MDV,2010,0.671,54659
Maldives,MDV,2015,0.71,64273
Maldives,MDV,2019,0.717,69249
Mali,MLI,1990,0.231,160736
Mali,MLI,1995,0.262,176187
Mali,MLI,2000,0.308,189475
Mali,MLI,2005,0.363,256797
Mali,MLI,2010,0.403,339375
Mali,MLI,2015,0.418,420504
Mali,MLI,2019,0.427,468230
Malta,MLT,1990,0.74,15077
Malta,MLT,1995,0.759,17740
Malta,MLT,2000,0.783,21521
Malta,MLT,2005,0.824,24560
Malta,MLT,2010,0.843,33008
Malta,MLT,2015,0.871,52642
Malta,MLT,2019,0.878,84949
Marshall Islands,MHL,2019,0.708,3296
Mauritania,MRT,2000,0.442,57366
Mauritania,MRT,2005,0.466,58119
Mauritania,MRT,2010,0.487,84679
Mauritania,MRT,1995,0.418,89562
Mauritania,MRT,1990,0.374,111650
Mauritania,MRT,2015,0.514,166552
Mauritania,MRT,2019,0.52,172987
Mauritius,MUS,1990,0.619,3613
Mauritius,MUS,1995,0.648,7493
Mauritius,MUS,2000,0.673,15543
Mauritius,MUS,2005,0.713,19647
Mauritius,MUS,2010,0.749,24836
Mauritius,MUS,2015,0.782,28585
Mauritius,MUS,2019,0.79,28849
Mexico,MEX,1995,0.669,458549
Mexico,MEX,2000,0.702,538051
Mexico,MEX,1990,0.65,695674
Mexico,MEX,2005,0.728,712487
Mexico,MEX,2010,0.743,969538
Mexico,MEX,2015,0.767,1028803
Mexico,MEX,2019,0.774,1060707
Micronesia (country),FSM,2015,0.627,2756
Micronesia (country),FSM,2010,0.608,2806
Micronesia (country),FSM,2019,0.627,2819
Micronesia (country),FSM,2005,0.582,2905
Micronesia (country),FSM,2000,0.552,3116
Moldova,MDA,2019,0.7,104713
Moldova,MDA,2015,0.693,106374
Moldova,MDA,2010,0.67,129488
Moldova,MDA,2005,0.648,171122
Moldova,MDA,2000,0.597,247828
Moldova,MDA,1995,0.594,367231
Moldova,MDA,1990,0.651,544162
Mongolia,MNG,1990,0.579,6718
Mongolia,MNG,1995,0.555,7424
Mongolia,MNG,2000,0.589,8206
Mongolia,MNG,2005,0.65,11477
Mongolia,MNG,2010,0.697,16062
Mongolia,MNG,2015,0.737,19886
Mongolia,MNG,2019,0.741,21128
Montenegro,MNE,2019,0.814,70967
Montenegro,MNE,2015,0.809,71719
Montenegro,MNE,2005,0.753,78512
Montenegro,MNE,2010,0.793,78512
Morocco,MAR,1995,0.489,50360
Morocco,MAR,2000,0.53,53034
Morocco,MAR,2005,0.58,54379
Morocco,MAR,1990,0.458,54895
Morocco,MAR,2010,0.616,70909
Morocco,MAR,2015,0.655,92424
Morocco,MAR,2019,0.667,98574
Mozambique,MOZ,1990,0.209,122332
Mozambique,MOZ,1995,0.229,168256
Mozambique,MOZ,2000,0.298,195702
Mozambique,MOZ,2005,0.357,264679
Mozambique,MOZ,2010,0.403,306471
Mozambique,MOZ,2015,0.432,321794
Mozambique,MOZ,2019,0.437,334665
Myanmar,MMR,2015,0.569,73309
Myanmar,MMR,2019,0.578,75998
Myanmar,MMR,2010,0.53,76414
Myanmar,MMR,2005,0.477,83025
Myanmar,MMR,2000,0.431,98011
Myanmar,MMR,1995,0.398,113663
Myanmar,MMR,1990,0.359,133545
Namibia,NAM,2015,0.642,101618
Namibia,NAM,2010,0.594,103826
Namibia,NAM,2005,0.556,107347
Namibia,NAM,2019,0.647,107561
Namibia,NAM,1995,0.588,115372
Namibia,NAM,1990,0.579,120641
Namibia,NAM,2000,0.558,135547
Nepal,NPL,1990,0.378,429974
Nepal,NPL,2019,0.574,490802
Nepal,NPL,2015,0.566,509471
Nepal,NPL,2010,0.529,578657
Nepal,NPL,2005,0.475,679457
Nepal,NPL,1995,0.41,690225
Nepal,NPL,2000,0.446,717900
Netherlands,NLD,1990,0.829,1182263
Netherlands,NLD,1995,0.861,1346164
Netherlands,NLD,2000,0.876,1556337
Netherlands,NLD,2005,0.891,1736127
Netherlands,NLD,2010,0.91,1832510
Netherlands,NLD,2015,0.926,1996318
Netherlands,NLD,2019,0.931,2282791
New Zealand,NZL,1990,0.818,518047
New Zealand,NZL,1995,0.851,588617
New Zealand,NZL,2000,0.869,678813
New Zealand,NZL,2005,0.888,839952
New Zealand,NZL,2010,0.899,947443
New Zealand,NZL,2015,0.914,1039736
New Zealand,NZL,2019,0.917,1068739
Nicaragua,NIC,1995,0.524,26619
Nicaragua,NIC,2000,0.57,30389
Nicaragua,NIC,2005,0.596,34918
Nicaragua,NIC,2010,0.621,37333
Nicaragua,NIC,2015,0.652,40262
Nicaragua,NIC,1990,0.489,41421
Nicaragua,NIC,2019,0.658,42172
Niger,NER,1990,0.21,115464
Niger,NER,2000,0.252,122260
Niger,NER,2005,0.283,124461
Niger,NER,2010,0.318,126464
Niger,NER,1995,0.229,145999
Niger,NER,2015,0.347,252998
Niger,NER,2019,0.354,294161
Nigeria,NGA,2005,0.465,969294
Nigeria,NGA,2010,0.484,988679
Nigeria,NGA,2015,0.527,1199115
Nigeria,NGA,2019,0.532,1256408
Norway,NOR,1990,0.85,192587
Norway,NOR,1995,0.883,233302
Norway,NOR,2000,0.917,292440
Norway,NOR,2005,0.932,361144
Norway,NOR,2010,0.942,526799
Norway,NOR,2015,0.948,746375
Norway,NOR,2019,0.953,867765
Oman,OMN,2000,0.704,623608
Oman,OMN,2005,0.748,666160
Oman,OMN,2010,0.793,816221
Oman,OMN,2015,0.822,1856226
Oman,OMN,2019,0.821,2286226
Pakistan,PAK,2005,0.5,3171132
Pakistan,PAK,2019,0.562,3257978
Pakistan,PAK,2015,0.551,3506520
Pakistan,PAK,1995,0.428,3669308
Pakistan,PAK,2010,0.526,3941586
Pakistan,PAK,2000,0.45,4181912
Pakistan,PAK,1990,0.404,6208204
Palau,PLW,2015,0.793,4937
Palau,PLW,2019,0.798,5066
Palau,PLW,2010,0.769,5490
Palau,PLW,2005,0.76,6043
Palau,PLW,2000,0.743,6310
Palestine,PSE,2019,0.686,253735
Palestine,PSE,2015,0.687,255507
Palestine,PSE,2010,0.672,258032
Palestine,PSE,2005,0.657,266617
Panama,PAN,1990,0.66,62744
Panama,PAN,1995,0.688,70848
Panama,PAN,2000,0.719,83410
Panama,PAN,2005,0.739,117563
Panama,PAN,2010,0.758,157309
Panama,PAN,2015,0.781,184710
Panama,PAN,2019,0.789,185072
Papua New Guinea,PNG,2000,0.449,26304
Papua New Guinea,PNG,2005,0.479,30106
Papua New Guinea,PNG,2010,0.52,30425
Papua New Guinea,PNG,2015,0.542,30940
Papua New Guinea,PNG,2019,0.544,31212
Papua New Guinea,PNG,1995,0.425,33526
Papua New Guinea,PNG,1990,0.38,33710
Paraguay,PRY,2015,0.702,156462
Paraguay,PRY,2010,0.675,160299
Paraguay,PRY,2019,0.702,160519
Paraguay,PRY,2005,0.649,168243
Paraguay,PRY,2000,0.624,176608
Paraguay,PRY,1995,0.606,186570
Paraguay,PRY,1990,0.58,195884
Peru,PER,1990,0.611,56688
Peru,PER,1995,0.643,56732
Peru,PER,2000,0.678,66300
Peru,PER,2005,0.698,77877
Peru,PER,2010,0.717,104706
Peru,PER,2015,0.745,154774
Peru,PER,2019,0.75,782169
Philippines,PHL,1990,0.586,154071
Philippines,PHL,1995,0.598,207345
Philippines,PHL,2010,0.665,208599
Philippines,PHL,2015,0.693,211862
Philippines,PHL,2019,0.699,218530
Philippines,PHL,2005,0.65,257468
Philippines,PHL,2000,0.624,318095
Poland,POL,2015,0.855,619403
Poland,POL,2010,0.835,642417
Poland,POL,2019,0.865,655985
Poland,POL,2005,0.808,722509
Poland,POL,2000,0.785,825251
Poland,POL,1995,0.74,964725
Poland,POL,1990,0.712,1127771
Portugal,PRT,1990,0.711,435782
Portugal,PRT,1995,0.76,532822
Portugal,PRT,2000,0.785,651472
Portugal,PRT,2010,0.822,762825
Portugal,PRT,2005,0.8,771184
Portugal,PRT,2015,0.842,864814
Portugal,PRT,2019,0.847,888162
Qatar,QAT,1990,0.754,309753
Qatar,QAT,2000,0.81,359697
Qatar,QAT,1995,0.784,361673
Qatar,QAT,2005,0.831,646026
Qatar,QAT,2010,0.825,1456413
Qatar,QAT,2015,0.854,1687640
Qatar,QAT,2019,0.856,2229688
Romania,ROU,2000,0.709,134254
Romania,ROU,1995,0.687,135037
Romania,ROU,1990,0.701,135825
Romania,ROU,2005,0.755,145162
Romania,ROU,2010,0.797,177211
Romania,ROU,2015,0.805,281048
Romania,ROU,2019,0.811,462552
Russia,RUS,2010,0.78,11194710
Russia,RUS,1990,0.734,11524948
Russia,RUS,2019,0.816,11640559
Russia,RUS,2015,0.813,11643276
Russia,RUS,2005,0.752,11667588
Russia,RUS,2000,0.72,11900297
Russia,RUS,1995,0.7,11928927
Rwanda,RWA,1990,0.25,160024
Rwanda,RWA,1995,0.234,215735
Rwanda,RWA,2000,0.335,347076
Rwanda,RWA,2005,0.408,423187
Rwanda,RWA,2010,0.485,426901
Rwanda,RWA,2015,0.51,514647
Rwanda,RWA,2019,0.524,539932
Saint Kitts and Nevis,KNA,2005,0.727,6682
Saint Kitts and Nevis,KNA,2010,0.745,7245
Saint Kitts and Nevis,KNA,2015,0.773,7443
Saint Kitts and Nevis,KNA,2019,0.778,7587
Saint Lucia,LCA,2019,0.747,8383
Saint Lucia,LCA,2015,0.744,8673
Saint Lucia,LCA,2010,0.731,9051
Saint Lucia,LCA,2005,0.7,9842
Saint Lucia,LCA,2000,0.69,9871
Saint Vincent and the Grenadines,VCT,2000,0.673,4307
Saint Vincent and the Grenadines,VCT,2005,0.697,4436
Saint Vincent and the Grenadines,VCT,2010,0.715,4569
Saint Vincent and the Grenadines,VCT,2015,0.72,4637
Saint Vincent and the Grenadines,VCT,2019,0.723,4692
Samoa,WSM,1990,0.62,3357
Samoa,WSM,2019,0.713,4035
Samoa,WSM,2015,0.706,4252
Samoa,WSM,1995,0.618,4694
Samoa,WSM,2010,0.693,5122
Samoa,WSM,2005,0.673,5746
Samoa,WSM,2000,0.647,5998
Sao Tome and Principe,STP,2019,0.589,2174
Sao Tome and Principe,STP,2015,0.58,2394
Sao Tome and Principe,STP,2010,0.542,2700
Sao Tome and Principe,STP,2005,0.517,3433
Sao Tome and Principe,STP,2000,0.49,4365
Sao Tome and Principe,STP,1995,0.469,4936
Sao Tome and Principe,STP,1990,0.453,5582
Saudi Arabia,SAU,1990,0.697,4998445
Saudi Arabia,SAU,1995,0.722,5122702
Saudi Arabia,SAU,2000,0.743,5263387
Saudi Arabia,SAU,2005,0.77,6501819
Saudi Arabia,SAU,2010,0.808,8429956
Saudi Arabia,SAU,2015,0.854,10771366
Saudi Arabia,SAU,2019,0.853,13122338
Senegal,SEN,2000,0.38,231901
Senegal,SEN,2005,0.422,238298
Senegal,SEN,2010,0.456,256092
Senegal,SEN,2015,0.492,266496
Senegal,SEN,1990,0.367,270410
Senegal,SEN,2019,0.505,275239
Senegal,SEN,1995,0.368,287654
Serbia,SRB,1990,0.718,99269
Serbia,SRB,2015,0.78,807441
Serbia,SRB,2019,0.787,820312
Serbia,SRB,2010,0.759,826275
Serbia,SRB,2005,0.742,854848
Serbia,SRB,1995,0.695,870980
Serbia,SRB,2000,0.711,977873
Seychelles,SYC,2000,0.718,6574
Seychelles,SYC,2005,0.73,8997
Seychelles,SYC,2010,0.747,11420
Seychelles,SYC,2015,0.791,12791
Seychelles,SYC,2019,0.797,12926
Sierra Leone,SLE,2019,0.419,54332
Sierra Leone,SLE,2015,0.413,58813
Sierra Leone,SLE,2010,0.385,79055
Sierra Leone,SLE,2000,0.284,97974
Sierra Leone,SLE,1995,0.274,98516
Sierra Leone,SLE,2005,0.342,146050
Sierra Leone,SLE,1990,0.275,222148
Singapore,SGP,1990,0.718,727262
Singapore,SGP,1995,0.773,991492
Singapore,SGP,2000,0.819,1351691
Singapore,SGP,2005,0.868,1710594
Singapore,SGP,2019,0.932,2155653
Singapore,SGP,2010,0.909,2164794
Singapore,SGP,2015,0.929,2543638
Slovakia,SVK,1990,0.739,41295
Slovakia,SVK,1995,0.751,69323
Slovakia,SVK,2000,0.764,116376
Slovakia,SVK,2005,0.794,130491
Slovakia,SVK,2010,0.829,146319
Slovakia,SVK,2015,0.851,177624
Slovakia,SVK,2019,0.855,187984
Slovenia,SVN,1995,0.782,174419
Slovenia,SVN,1990,0.767,178077
Slovenia,SVN,2000,0.825,214508
Slovenia,SVN,2005,0.861,217218
Slovenia,SVN,2015,0.889,237616
Slovenia,SVN,2019,0.896,253122
Slovenia,SVN,2010,0.882,253786
Solomon Islands,SLB,2019,0.546,2532
Solomon Islands,SLB,2015,0.546,2585
Solomon Islands,SLB,2010,0.507,2760
Solomon Islands,SLB,2005,0.487,3271
Solomon Islands,SLB,2000,0.45,3981
South Africa,ZAF,1995,0.649,1003807
South Africa,ZAF,2000,0.63,1016963
South Africa,ZAF,1990,0.618,1163883
South Africa,ZAF,2005,0.614,1351031
South Africa,ZAF,2010,0.649,2114801
South Africa,ZAF,2015,0.692,3816695
South Africa,ZAF,2019,0.699,4224256
South Korea,KOR,1990,0.728,43247
South Korea,KOR,1995,0.778,123886
South Korea,KOR,2000,0.817,244224
South Korea,KOR,2005,0.855,486065
South Korea,KOR,2010,0.884,919987
South Korea,KOR,2015,0.898,1143087
South Korea,KOR,2019,0.903,1163655
South Sudan,SSD,2010,0.413,257905
South Sudan,SSD,2015,0.399,844122
South Sudan,SSD,2019,0.388,865552
Spain,ESP,1990,0.754,821605
Spain,ESP,1995,0.8,1020067
Spain,ESP,2000,0.825,1657285
Spain,ESP,2005,0.844,4107226
Spain,ESP,2015,0.885,5891208
Spain,ESP,2019,0.891,6104203
Spain,ESP,2010,0.865,6280065
Sri Lanka,LKA,2010,0.745,38959
Sri Lanka,LKA,2005,0.718,39526
Sri Lanka,LKA,2015,0.766,39706
Sri Lanka,LKA,2019,0.77,40018
Sri Lanka,LKA,2000,0.685,40132
Sri Lanka,LKA,1995,0.65,40841
Sri Lanka,LKA,1990,0.625,41561
Sudan,SDN,2005,0.436,546419
Sudan,SDN,2010,0.47,618709
Sudan,SDN,2015,0.497,620523
Sudan,SDN,2000,0.402,805086
Sudan,SDN,1995,0.366,1053396
Sudan,SDN,2019,0.502,1223092
Sudan,SDN,1990,0.331,1402896
Suriname,SUR,2005,0.676,33664
Suriname,SUR,2010,0.703,39713
Suriname,SUR,2015,0.722,43127
Suriname,SUR,2019,0.72,46157
Swaziland,SWZ,1990,0.536,74991
Swaziland,SWZ,1995,0.52,35157
Swaziland,SWZ,2000,0.471,34084
Swaziland,SWZ,2005,0.48,33392
Swaziland,SWZ,2010,0.538,32637
Swaziland,SWZ,2015,0.584,32352
Swaziland,SWZ,2019,0.588,32310
Sweden,SWE,1990,0.816,788767
Sweden,SWE,1995,0.856,936022
Sweden,SWE,2000,0.897,1003798
Sweden,SWE,2005,0.899,1125790
Sweden,SWE,2010,0.905,1384929
Sweden,SWE,2015,0.929,1676264
Sweden,SWE,2019,0.933,2005210
Switzerland,CHE,1990,0.832,1392282
Switzerland,CHE,1995,0.848,1478829
Switzerland,CHE,2000,0.889,1570756
Switzerland,CHE,2005,0.905,1805437
Switzerland,CHE,2010,0.932,2075182
Switzerland,CHE,2015,0.942,2416394
Switzerland,CHE,2019,0.944,2572029
Syria,SYR,1995,0.579,830610
Syria,SYR,2000,0.59,834916
Syria,SYR,2019,0.536,867848
Syria,SYR,2015,0.538,871174
Syria,SYR,2005,0.635,878308
Syria,SYR,2010,0.644,1787561
Tajikistan,TJK,2019,0.65,274071
Tajikistan,TJK,2015,0.645,275101
Tajikistan,TJK,2010,0.634,279808
Tajikistan,TJK,2005,0.593,280466
Tajikistan,TJK,2000,0.55,299499
Tajikistan,TJK,1995,0.55,348347
Tajikistan,TJK,1990,0.623,428900
Tanzania,TZA,1990,0.37,574025
Tanzania,TZA,1995,0.371,1106043
Tanzania,TZA,2000,0.395,949600
Tanzania,TZA,2005,0.448,771153
Tanzania,TZA,2010,0.493,309847
Tanzania,TZA,2015,0.528,384567
Tanzania,TZA,2019,0.538,509166
Thailand,THA,1990,0.574,528693
Thailand,THA,1995,0.611,809720
Thailand,THA,2000,0.649,1257821
Thailand,THA,2005,0.693,2163447
Thailand,THA,2010,0.724,3224131
Thailand,THA,2015,0.741,3486526
Thailand,THA,2019,0.755,3635085
Timor,TLS,2000,0.507,10602
Timor,TLS,2005,0.496,11286
Timor,TLS,2010,0.619,11540
Timor,TLS,2015,0.63,8520
Timor,TLS,2019,0.625,8417
Togo,TGO,1990,0.405,84844
Togo,TGO,1995,0.409,101583
Togo,TGO,2000,0.425,137968
Togo,TGO,2005,0.436,203799
Togo,TGO,2010,0.456,255413
Togo,TGO,2015,0.495,277384
Togo,TGO,2019,0.503,279142
Tonga,TON,1990,0.648,2911
Tonga,TON,1995,0.671,3274
Tonga,TON,2000,0.673,3684
Tonga,TON,2019,0.726,3752
Tonga,TON,2015,0.721,3954
Tonga,TON,2005,0.693,4301
Tonga,TON,2010,0.712,4604
Trinidad and Tobago,TTO,2000,0.716,41753
Trinidad and Tobago,TTO,2005,0.752,44812
Trinidad and Tobago,TTO,1995,0.683,45994
Trinidad and Tobago,TTO,2010,0.775,48226
Trinidad and Tobago,TTO,2015,0.783,50021
Trinidad and Tobago,TTO,1990,0.672,50666
Trinidad and Tobago,TTO,2019,0.784,59249
Tunisia,TUN,2005,0.689,35040
Tunisia,TUN,2000,0.653,36719
Tunisia,TUN,1995,0.607,37867
Tunisia,TUN,1990,0.569,37984
Tunisia,TUN,2010,0.716,43172
Tunisia,TUN,2015,0.728,56532
Tunisia,TUN,2019,0.735,57455
Turkey,TUR,1990,0.579,1163686
Turkey,TUR,1995,0.607,1216173
Turkey,TUR,2000,0.655,1280963
Turkey,TUR,2005,0.69,1319236
Turkey,TUR,2010,0.734,1367034
Turkey,TUR,2015,0.783,4346197
Turkey,TUR,2019,0.791,5876829
Turkmenistan,TKM,2019,0.706,195127
Turkmenistan,TKM,2015,0.701,196376
Turkmenistan,TKM,2010,0.673,197979
Uganda,UGA,2010,0.486,492930
Uganda,UGA,1990,0.311,544273
Uganda,UGA,2000,0.398,584280
Uganda,UGA,2005,0.437,593308
Uganda,UGA,1995,0.321,606987
Uganda,UGA,2015,0.505,851175
Uganda,UGA,2019,0.516,1734166
Ukraine,UKR,2010,0.733,4818767
Ukraine,UKR,2015,0.743,4915142
Ukraine,UKR,2019,0.751,4964293
Ukraine,UKR,2005,0.715,5050302
Ukraine,UKR,2000,0.671,5527087
Ukraine,UKR,1995,0.664,6172338
Ukraine,UKR,1990,0.705,6892920
United Arab Emirates,ARE,1990,0.727,1306574
United Arab Emirates,ARE,1995,0.764,1824118
United Arab Emirates,ARE,2000,0.798,2447010
United Arab Emirates,ARE,2005,0.825,3281115
United Arab Emirates,ARE,2010,0.836,7316697
United Arab Emirates,ARE,2015,0.86,7995126
United Arab Emirates,ARE,2019,0.863,8587256
United Kingdom,GBR,1990,0.775,3650286
United Kingdom,GBR,1995,0.839,4155293
United Kingdom,GBR,2000,0.867,4730165
United Kingdom,GBR,2005,0.891,5926156
United Kingdom,GBR,2010,0.905,7119664
United Kingdom,GBR,2015,0.918,8411569
United Kingdom,GBR,2019,0.922,9552110
United States,USA,1990,0.86,28118
United States,USA,1995,0.877,51262
United States,USA,2005,0.898,51768
United States,USA,2000,0.885,56754
United States,USA,2010,0.914,61756
United States,USA,2015,0.92,72793
United States,USA,2019,0.924,76104
Uruguay,URY,2010,0.773,76303
Uruguay,URY,2015,0.8,78799
Uruguay,URY,2019,0.804,81482
Uruguay,URY,2005,0.756,82317
Uruguay,URY,2000,0.742,88874
Uruguay,URY,1995,0.711,93428
Uruguay,URY,1990,0.692,98116
Uzbekistan,UZB,2019,0.71,1168384
Uzbekistan,UZB,2015,0.698,1170873
Uzbekistan,UZB,2010,0.666,1220149
Uzbekistan,UZB,2005,0.628,1329932
Uzbekistan,UZB,2000,0.595,1406498
Vanuatu,VUT,2005,0.572,2800
Vanuatu,VUT,2010,0.591,2991
Vanuatu,VUT,2015,0.599,3187
Vanuatu,VUT,2019,0.603,3245
Venezuela,VEN,2000,0.672,1013738
Venezuela,VEN,1995,0.658,1019996
Venezuela,VEN,1990,0.634,1025009
Venezuela,VEN,2005,0.714,1076474
Venezuela,VEN,2010,0.759,1347347
Venezuela,VEN,2019,0.761,1375690
Venezuela,VEN,2015,0.775,1404448
Vietnam,VNM,1990,0.475,28118
Vietnam,VNM,1995,0.529,51262
Vietnam,VNM,2005,0.616,51768
Vietnam,VNM,2000,0.579,56754
Vietnam,VNM,2010,0.654,61756
Vietnam,VNM,2015,0.684,72793
Vietnam,VNM,2019,0.694,76104
Yemen,YEM,1990,0.399,118863
Yemen,YEM,1995,0.415,136515
Yemen,YEM,2000,0.443,144940
Yemen,YEM,2005,0.474,171871
Yemen,YEM,2010,0.498,288394
Yemen,YEM,2015,0.483,379882
Yemen,YEM,2019,0.452,385628
Zambia,ZMB,2015,0.583,132107
Zambia,ZMB,2010,0.544,149962
Zambia,ZMB,2019,0.588,170249
Zambia,ZMB,1995,0.412,244338
Zambia,ZMB,2005,0.48,252895
Zambia,ZMB,1990,0.401,279463
Zambia,ZMB,2000,0.432,343703
Zimbabwe,ZWE,2010,0.467,398307
Zimbabwe,ZWE,2015,0.529,400482
Zimbabwe,ZWE,2005,0.43,402226
Zimbabwe,ZWE,2000,0.44,410109
Zimbabwe,ZWE,2019,0.535,411257
Zimbabwe,ZWE,1995,0.467,431226
Zimbabwe,ZWE,1990,0.491,634621
